{
  "#map": {
    "background-color": "#000000",
    "filter": null,
    "data-filter": null
  },
  "#armies": {
    "font-size": 6,
    "box-size": 3,
    "stroke": "#000",
    "stroke-width": 0,
    "opacity": 1,
    "fill-opacity": 1,
    "filter": null
  },
  "#biomes": {
    "opacity": 0.5,
    "filter": "url(#blur7)",
    "mask": "url(#land)"
  },
  "#stateBorders": {
    "opacity": 0.8,
    "stroke": "#414141",
    "stroke-width": 0.7,
    "stroke-dasharray": 0,
    "stroke-linecap": "butt",
    "filter": null
  },
  "#provinceBorders": {
    "opacity": 0.8,
    "stroke": "#414141",
    "stroke-width": 0.45,
    "stroke-dasharray": 1,
    "stroke-linecap": "butt",
    "filter": null
  },
  "#cells": {
    "opacity": null,
    "stroke": "#808080",
    "stroke-width": 0.09,
    "filter": null,
    "mask": "url(#land)"
  },
  "#gridOverlay": {
    "opacity": 0.8,
    "scale": 1,
    "dx": 0,
    "dy": "0",
    "type": "pointyHex",
    "stroke": "#808080",
    "stroke-width": 0.5,
    "stroke-dasharray": null,
    "stroke-linecap": null,
    "transform": null,
    "filter": null,
    "mask": null
  },
  "#coordinates": {
    "opacity": 1,
    "data-size": 12,
    "font-size": 12,
    "stroke": "#414141",
    "stroke-width": 0.45,
    "stroke-dasharray": 3,
    "stroke-linecap": null,
    "filter": null,
    "mask": null
  },
  "#compass": {
    "opacity": 0.8,
    "transform": null,
    "filter": null,
    "mask": "url(#water)",
    "shape-rendering": "optimizespeed"
  },
  "#compass > use": {
    "transform": "translate(80 80) scale(.25)"
  },
  "#relig": {
    "opacity": 0.7,
    "stroke": "#404040",
    "stroke-width": 0.7,
    "filter": null
  },
  "#cults": {
    "opacity": 0.6,
    "stroke": "#777777",
    "stroke-width": 0.5,
    "stroke-dasharray": null,
    "stroke-linecap": null,
    "filter": null
  },
  "#landmass": {
    "opacity": 1,
    "fill": "#eeedeb",
    "filter": null
  },
  "#markers": {
    "opacity": null,
    "rescale": null,
    "filter": null
  },
  "#prec": {
    "opacity": null,
    "stroke": "#000000",
    "stroke-width": 0,
    "fill": "#0080ff",
    "filter": null
  },
  "#population": {
    "opacity": null,
    "stroke-width": 2.58,
    "stroke-dasharray": 0,
    "stroke-linecap": "butt",
    "filter": "url(#blur3)"
  },
  "#rural": {
    "stroke": "#ff0000"
  },
  "#urban": {
    "stroke": "#800000"
  },
  "#freshwater": {
    "opacity": 0.5,
    "fill": "#aadaff",
    "stroke": "#5f799d",
    "stroke-width": 0,
    "filter": null
  },
  "#salt": {
    "opacity": 0.5,
    "fill": "#409b8a",
    "stroke": "#388985",
    "stroke-width": 0.7,
    "filter": null
  },
  "#sinkhole": {
    "opacity": 1,
    "fill": "#5bc9fd",
    "stroke": "#53a3b0",
    "stroke-width": 0.7,
    "filter": null
  },
  "#frozen": {
    "opacity": 0.95,
    "fill": "#cdd4e7",
    "stroke": "#cfe0eb",
    "stroke-width": 0,
    "filter": null
  },
  "#lava": {
    "opacity": 0.7,
    "fill": "#90270d",
    "stroke": "#f93e0c",
    "stroke-width": 2,
    "filter": "url(#crumpled)"
  },
  "#dry": {
    "opacity": 0.7,
    "fill": "#c9bfa7",
    "stroke": "#8e816f",
    "stroke-width": 0.7,
    "filter": null
  },
  "#sea_island": {
    "opacity": 0.6,
    "stroke": "#595959",
    "stroke-width": 0.4,
    "filter": null,
    "auto-filter": 0
  },
  "#lake_island": {
    "opacity": 0,
    "stroke": "#7c8eaf",
    "stroke-width": 0,
    "filter": null
  },
  "#terrain": {
    "opacity": 1,
    "set": "simple",
    "size": 1,
    "density": 0.4,
    "filter": null,
    "mask": null
  },
  "#rivers": {
    "opacity": null,
    "filter": null,
    "fill": "#aadaff"
  },
  "#ruler": {
    "opacity": null,
    "filter": null
  },
  "#roads": {
    "opacity": 0.9,
    "stroke": "#f6d068",
    "stroke-width": 0.7,
    "stroke-dasharray": 0,
    "stroke-linecap": "inherit",
    "filter": null,
    "mask": null
  },
  "#trails": {
    "opacity": 1,
    "stroke": "#ffffff",
    "stroke-width": 0.25,
    "stroke-dasharray": "",
    "stroke-linecap": "round",
    "filter": null,
    "mask": null
  },
  "#searoutes": {
    "opacity": 0.8,
    "stroke": "#4f82c6",
    "stroke-width": 0.45,
    "stroke-dasharray": 2,
    "stroke-linecap": "butt",
    "filter": null,
    "mask": "url(#water)"
  },
  "#statesBody": {
    "opacity": 0.3,
    "filter": null
  },
  "#statesHalo": {
    "opacity": 0.5,
    "data-width": 1,
    "stroke-width": 1,
    "filter": null
  },
  "#provs": {
    "opacity": 0.7,
    "fill": "#000000",
    "data-size": 10,
    "font-size": 10,
    "font-family": "Georgia",
    "filter": null
  },
  "#temperature": {
    "opacity": null,
    "font-size": "8px",
    "fill": "#000000",
    "fill-opacity": 0.3,
    "stroke": null,
    "stroke-width": 1.8,
    "stroke-dasharray": null,
    "stroke-linecap": null,
    "filter": null
  },
  "#ice": {
    "opacity": 0.9,
    "fill": "#e8f0f6",
    "stroke": "#e8f0f6",
    "stroke-width": 1,
    "filter": "url(#dropShadow01)"
  },
  "#emblems": {
    "opacity": 1,
    "stroke-width": 1,
    "filter": null
  },
  "#emblems > #stateEmblems": {
    "data-size": 1
  },
  "#emblems > #provinceEmblems": {
    "data-size": 1
  },
  "#emblems > #burgEmblems": {
    "data-size": 1
  },
  "#texture": {
    "opacity": 0.2,
    "filter": null,
    "mask": "url(#land)",
    "data-x": 0,
    "data-y": 0,
    "data-href": "./images/textures/plaster.jpg"
  },
  "#zones": {
    "opacity": 0.7,
    "stroke": "#ff6262",
    "stroke-width": 0,
    "stroke-dasharray": "",
    "stroke-linecap": "butt",
    "filter": null,
    "mask": null
  },
  "#oceanLayers": {
    "filter": null,
    "layers": "none"
  },
  "#oceanBase": {
    "fill": "#aadaff"
  },
  "#oceanicPattern": {
    "href": "",
    "opacity": 0.2
  },
  "#terrs > #oceanHeights": {
    "data-render": 1,
    "opacity": 0.5,
    "scheme": "bright",
    "terracing": 0,
    "skip": 0,
    "relax": 1,
    "curve": "curveBasisClosed",
    "filter": null,
    "mask": null
  },
  "#terrs > #landHeights": {
    "opacity": 0.5,
    "scheme": "bright",
    "terracing": 0,
    "skip": 5,
    "relax": 0,
    "curve": "curveBasisClosed",
    "filter": null,
    "mask": "url(#land)"
  },
  "#legend": {
    "data-size": 12,
    "font-size": 12,
    "font-family": "Arial",
    "stroke": "#909090",
    "stroke-width": 1,
    "stroke-dasharray": 0,
    "stroke-linecap": "round",
    "data-x": 99,
    "data-y": 93,
    "data-columns": 8
  },
  "#burgLabels > #cities": {
    "opacity": 1,
    "fill": "#414141",
    "text-shadow": "white 0 0 4px",
    "letter-spacing": 0,
    "data-size": 7,
    "font-size": 7,
    "font-family": "Arial"
  },
  "#burgIcons > #cities": {
    "opacity": 1,
    "fill": "#ffffff",
    "fill-opacity": 0.7,
    "size": 1,
    "stroke": "#3e3e4b",
    "stroke-width": 0.24,
    "stroke-dasharray": "",
    "stroke-linecap": "butt"
  },
  "#anchors > #cities": {
    "opacity": 1,
    "fill": "#ffffff",
    "size": 2,
    "stroke": "#303030",
    "stroke-width": 1.7
  },
  "#burgLabels > #towns": {
    "opacity": 1,
    "fill": "#414141",
    "text-shadow": "none",
    "letter-spacing": 0,
    "data-size": 3,
    "font-size": 3,
    "font-family": "Arial"
  },
  "#burgIcons > #towns": {
    "opacity": 1,
    "fill": "#ffffff",
    "fill-opacity": 0.7,
    "size": 0.5,
    "stroke": "#3e3e4b",
    "stroke-width": 0.12,
    "stroke-dasharray": "",
    "stroke-linecap": "butt"
  },
  "#anchors > #towns": {
    "opacity": 1,
    "fill": "#ffffff",
    "size": 1,
    "stroke": "#3e3e4b",
    "stroke-width": 1.06
  },
  "#labels > #states": {
    "opacity": 1,
    "fill": "#292929",
    "stroke": "#303030",
    "stroke-width": 0,
    "text-shadow": "white 0 0 2px",
    "letter-spacing": 0,
    "data-size": 10,
    "font-size": 10,
    "font-family": "Arial",
    "filter": null
  },
  "#labels > #addedLabels": {
    "opacity": 1,
    "fill": "#414141",
    "stroke": "#3a3a3a",
    "stroke-width": 0,
    "text-shadow": "white 0 0 4px",
    "letter-spacing": 0,
    "data-size": 18,
    "font-size": 18,
    "font-family": "Arial",
    "filter": null
  },
  "#fogging": {
    "opacity": 1,
    "fill": "#ffffff",
    "filter": null
  },
  "#vignette": {
    "opacity": 0,
    "fill": "#000000",
    "filter": null
  },
  "#vignette-rect": {
    "x": "0.3%",
    "y": "0.4%",
    "width": "99.6%",
    "height": "99.2%",
    "rx": "5%",
    "ry": "5%",
    "filter": "blur(20px)"
  },
  "#scaleBar": {
    "opacity": 1,
    "fill": "#353540",
    "font-size": 8,
    "data-bar-size": 1.5,
    "data-x": 99,
    "data-y": 99,
    "data-label": ""
  },
  "#scaleBarBack": {
    "opacity": 0,
    "fill": "#ffffff",
    "stroke": "#000000",
    "stroke-width": 1,
    "filter": "",
    "data-top": 17,
    "data-right": 15,
    "data-bottom": 15,
    "data-left": 10
  }
}
