{
  "#map": {
    "background-color": "#000000",
    "filter": null,
    "data-filter": null
  },
  "#armies": {
    "font-size": 8,
    "box-size": 4,
    "stroke": "#000000",
    "stroke-width": 0.6,
    "fill-opacity": 1,
    "filter": null
  },
  "#biomes": {
    "opacity": 0.7,
    "filter": "",
    "mask": "url(#land)"
  },
  "#stateBorders": {
    "opacity": 1,
    "stroke": "#ffffff",
    "stroke-width": 1,
    "stroke-dasharray": 3,
    "stroke-linecap": "round",
    "filter": ""
  },
  "#provinceBorders": {
    "opacity": 0.5,
    "stroke": "#ffffff",
    "stroke-width": 0.3,
    "stroke-dasharray": 1,
    "stroke-linecap": "round",
    "filter": ""
  },
  "#cells": {
    "opacity": null,
    "stroke": "#808080",
    "stroke-width": 0.1,
    "filter": null,
    "mask": null
  },
  "#gridOverlay": {
    "opacity": 0.8,
    "scale": 1,
    "dx": 0,
    "dy": 0,
    "type": "pointyHex",
    "stroke": "#808080",
    "stroke-width": 0.5,
    "stroke-dasharray": null,
    "stroke-linecap": null,
    "transform": null,
    "filter": null,
    "mask": null
  },
  "#coordinates": {
    "opacity": 1,
    "data-size": 14,
    "font-size": 14,
    "stroke": "#4a4a4a",
    "stroke-width": 1,
    "stroke-dasharray": 6,
    "stroke-linecap": null,
    "filter": null,
    "mask": null
  },
  "#compass": {
    "opacity": 0.9,
    "transform": null,
    "filter": null,
    "mask": "",
    "shape-rendering": "optimizespeed"
  },
  "#compass > use": {
    "transform": "translate(80 80) scale(.25)"
  },
  "#relig": {
    "opacity": 0.5,
    "stroke": "#404040",
    "stroke-width": 2,
    "filter": "url(#splotch)"
  },
  "#cults": {
    "opacity": 0.35,
    "stroke": "#777777",
    "stroke-width": 2,
    "stroke-dasharray": null,
    "stroke-linecap": null,
    "filter": "url(#splotch)"
  },
  "#landmass": {
    "opacity": 1,
    "fill": "#04011e",
    "filter": null
  },
  "#markers": {
    "opacity": 0.8,
    "rescale": 1,
    "filter": null
  },
  "#prec": {
    "opacity": null,
    "stroke": "#000000",
    "stroke-width": 0.1,
    "fill": "#003dff",
    "filter": null
  },
  "#population": {
    "opacity": null,
    "stroke-width": 1.6,
    "stroke-dasharray": null,
    "stroke-linecap": "square",
    "filter": null
  },
  "#rural": {
    "stroke": "#5294ff"
  },
  "#urban": {
    "stroke": "#5cdeff"
  },
  "#freshwater": {
    "opacity": 0.9,
    "fill": "#381579",
    "stroke": "#47228c",
    "stroke-width": 3,
    "filter": null
  },
  "#salt": {
    "opacity": 0.5,
    "fill": "#409b8a",
    "stroke": "#388985",
    "stroke-width": 0.7,
    "filter": null
  },
  "#sinkhole": {
    "opacity": 1,
    "fill": "#5bc9fd",
    "stroke": "#53a3b0",
    "stroke-width": 0.7,
    "filter": null
  },
  "#frozen": {
    "opacity": 0.95,
    "fill": "#cdd4e7",
    "stroke": "#cfe0eb",
    "stroke-width": 0,
    "filter": null
  },
  "#lava": {
    "opacity": 0.7,
    "fill": "#90270d",
    "stroke": "#f93e0c",
    "stroke-width": 2,
    "filter": "url(#crumpled)"
  },
  "#dry": {
    "opacity": 0.7,
    "fill": "#c9bfa7",
    "stroke": "#8e816f",
    "stroke-width": 0.7,
    "filter": null
  },
  "#sea_island": {
    "opacity": 0.6,
    "stroke": "#1f3846",
    "stroke-width": 0.7,
    "filter": "url(#dropShadow)",
    "auto-filter": 1
  },
  "#lake_island": {
    "opacity": 1,
    "stroke": "#7c8eaf",
    "stroke-width": 0.35,
    "filter": null
  },
  "#terrain": {
    "opacity": 0.9,
    "set": "simple",
    "size": 1,
    "density": 0.4,
    "filter": null,
    "mask": null
  },
  "#rivers": {
    "opacity": null,
    "filter": null,
    "fill": "#6738bc"
  },
  "#ruler": {
    "opacity": null,
    "filter": null
  },
  "#roads": {
    "opacity": 1,
    "stroke": "#c44ac0",
    "stroke-width": 0.9,
    "stroke-dasharray": "2 3",
    "stroke-linecap": "round",
    "filter": null,
    "mask": null
  },
  "#trails": {
    "opacity": 1,
    "stroke": "#df2654",
    "stroke-width": 0.2,
    "stroke-dasharray": ".5 1",
    "stroke-linecap": "round",
    "filter": null,
    "mask": null
  },
  "#searoutes": {
    "opacity": 0.8,
    "stroke": "#a890c6",
    "stroke-width": 0.6,
    "stroke-dasharray": "1.2 2.4",
    "stroke-linecap": "round",
    "filter": null,
    "mask": null
  },
  "#statesBody": {
    "opacity": 0,
    "filter": null
  },
  "#statesHalo": {
    "opacity": 1,
    "data-width": 13,
    "stroke-width": 13,
    "filter": "blur(8.25px)"
  },
  "#provs": {
    "opacity": 0.2,
    "fill": "#933e3e",
    "font-size": 8,
    "font-family": "Orbitron",
    "filter": ""
  },
  "#temperature": {
    "opacity": 0.8,
    "font-size": "22px",
    "fill": "#551282",
    "fill-opacity": 0.3,
    "stroke": null,
    "stroke-width": 3,
    "stroke-dasharray": 2,
    "stroke-linecap": null,
    "filter": null
  },
  "#ice": {
    "opacity": 0.3,
    "fill": "#919191",
    "stroke": "#949494",
    "stroke-width": 0,
    "filter": "url(#dropShadow05)"
  },
  "#emblems": {
    "opacity": 0.75,
    "stroke-width": 0.5,
    "filter": null
  },
  "#emblems > #stateEmblems": {
    "data-size": 1
  },
  "#emblems > #provinceEmblems": {
    "data-size": 1
  },
  "#emblems > #burgEmblems": {
    "data-size": 1
  },
  "#texture": {
    "opacity": 0.2,
    "filter": null,
    "mask": "url(#water)",
    "data-x": 0,
    "data-y": 0,
    "data-href": "./images/textures/mercury-small.jpg"
  },
  "#zones": {
    "opacity": 0.7,
    "stroke": "#ffffff",
    "stroke-width": 0.3,
    "stroke-dasharray": null,
    "stroke-linecap": "inherit",
    "filter": "url(#dropShadow05)",
    "mask": null
  },
  "#oceanLayers": {
    "filter": "",
    "layers": "-6,-3,-1"
  },
  "#oceanBase": {
    "fill": "#05001f"
  },
  "#oceanicPattern": {
    "href": "",
    "opacity": 0.15
  },
  "#terrs > #oceanHeights": {
    "data-render": 1,
    "opacity": 1,
    "scheme": "olive",
    "terracing": 0,
    "skip": 0,
    "relax": 1,
    "curve": "curveBasisClosed",
    "filter": null,
    "mask": null
  },
  "#terrs > #landHeights": {
    "opacity": 0.8,
    "scheme": "livid",
    "terracing": 6,
    "skip": 0,
    "relax": 2,
    "curve": "curveBasisClosed",
    "filter": null,
    "mask": "url(#land)"
  },
  "#legend": {
    "data-size": 13,
    "font-size": 13,
    "font-family": "Almendra SC",
    "stroke": "#812929",
    "stroke-width": 2.5,
    "stroke-dasharray": "0 4 10 4",
    "stroke-linecap": "round",
    "data-x": 99,
    "data-y": 93,
    "data-columns": 8
  },
  "#burgLabels > #cities": {
    "opacity": 1,
    "fill": "#ffffff",
    "text-shadow": "white 0px 0px 4px",
    "letter-spacing": 0,
    "data-size": 8,
    "font-size": 8,
    "font-family": "Orbitron"
  },
  "#burgIcons > #cities": {
    "opacity": 1,
    "fill": "#ffffff",
    "fill-opacity": 0.7,
    "size": 2,
    "stroke": "#444444",
    "stroke-width": 0.25,
    "stroke-dasharray": "",
    "stroke-linecap": "butt"
  },
  "#anchors > #cities": {
    "opacity": 1,
    "fill": "#ffffff",
    "size": 4,
    "stroke": "#3e3e4b",
    "stroke-width": 1
  },
  "#burgLabels > #towns": {
    "opacity": 1,
    "fill": "#ffffff",
    "text-shadow": "white 0px 0px 4px",
    "letter-spacing": 0,
    "data-size": 3,
    "font-size": 3,
    "font-family": "Orbitron"
  },
  "#burgIcons > #towns": {
    "opacity": 0.95,
    "fill": "#ffffff",
    "fill-opacity": 0.7,
    "size": 0.8,
    "stroke": "#3e3e4b",
    "stroke-width": 0.2,
    "stroke-dasharray": "",
    "stroke-linecap": "butt"
  },
  "#anchors > #towns": {
    "opacity": 1,
    "fill": "#ffffff",
    "size": 1.6,
    "stroke": "#3e3e4b",
    "stroke-width": 1
  },
  "#labels > #states": {
    "opacity": 1,
    "fill": "#ffffff",
    "stroke": "#000000",
    "stroke-width": 0,
    "text-shadow": "white 0px 0px 4px",
    "letter-spacing": 0,
    "data-size": 18,
    "font-size": 18,
    "font-family": "Orbitron",
    "filter": ""
  },
  "#labels > #addedLabels": {
    "opacity": 1,
    "fill": "#ffffff",
    "stroke": "#000000",
    "stroke-width": 0,
    "text-shadow": "white 0px 0px 4px",
    "letter-spacing": 0,
    "data-size": 18,
    "font-size": 18,
    "font-family": "Almendra SC",
    "filter": null
  },
  "#fogging": {
    "opacity": 0.98,
    "fill": "#1b1423",
    "filter": null
  },
  "#vignette": {
    "opacity": 0,
    "fill": "#000000",
    "filter": null
  },
  "#vignette-rect": {
    "x": "0.3%",
    "y": "0.4%",
    "width": "99.6%",
    "height": "99.2%",
    "rx": "5%",
    "ry": "5%",
    "filter": "blur(20px)"
  },
  "#scaleBar": {
    "opacity": 1,
    "fill": "#d0d0dc",
    "font-size": 11,
    "data-bar-size": 2,
    "data-x": 99,
    "data-y": 99,
    "data-label": ""
  },
  "#scaleBarBack": {
    "opacity": 0.3,
    "fill": "#05001f",
    "stroke": "#000000",
    "stroke-width": 1,
    "filter": "",
    "data-top": 23,
    "data-right": 18,
    "data-bottom": 18,
    "data-left": 12
  }
}
