{
  "#map": {
    "background-color": "#000000",
    "filter": null,
    "data-filter": null
  },
  "#armies": {
    "font-size": 6,
    "box-size": 3,
    "stroke": "#000",
    "stroke-width": 0,
    "fill-opacity": 0.4,
    "filter": ""
  },
  "#biomes": {
    "opacity": 1,
    "filter": null,
    "mask": "url(#land)"
  },
  "#stateBorders": {
    "opacity": 0.4,
    "stroke": "#ffffff",
    "stroke-width": 0.67,
    "stroke-dasharray": "",
    "stroke-linecap": "square",
    "filter": "url(#outline)"
  },
  "#provinceBorders": {
    "opacity": 0.4,
    "stroke": "#f0f2e3",
    "stroke-width": 0.2,
    "stroke-dasharray": 0.5,
    "stroke-linecap": "square",
    "filter": ""
  },
  "#cells": {
    "opacity": null,
    "stroke": "#808080",
    "stroke-width": 0.1,
    "filter": null,
    "mask": null
  },
  "#gridOverlay": {
    "opacity": 0.8,
    "scale": 2,
    "dx": 0,
    "dy": 0,
    "type": "pointyHex",
    "stroke": "#808080",
    "stroke-width": 0.5,
    "stroke-dasharray": null,
    "stroke-linecap": null,
    "transform": null,
    "filter": null,
    "mask": null
  },
  "#coordinates": {
    "opacity": 1,
    "data-size": 14,
    "font-size": 14,
    "stroke": "#465053",
    "stroke-width": 1,
    "stroke-dasharray": 5,
    "stroke-linecap": "butt",
    "filter": "",
    "mask": null
  },
  "#compass": {
    "opacity": 1,
    "transform": null,
    "filter": null,
    "mask": "url(#water)",
    "shape-rendering": "optimizespeed"
  },
  "#compass > use": {
    "transform": "translate(80 80) scale(0.25)"
  },
  "#relig": {
    "opacity": 0.4,
    "stroke": "#404040",
    "stroke-width": 0.7,
    "filter": null
  },
  "#cults": {
    "opacity": 0.4,
    "stroke": "#777777",
    "stroke-width": 1.5,
    "stroke-dasharray": null,
    "stroke-linecap": null,
    "filter": "url(#dropShadow)"
  },
  "#landmass": {
    "opacity": 1,
    "fill": "#04121a",
    "filter": null
  },
  "#markers": {
    "opacity": 1,
    "rescale": null,
    "filter": "url(#dropShadow01)"
  },
  "#prec": {
    "opacity": null,
    "stroke": "#ffffff",
    "stroke-width": 0,
    "fill": "#5069b9",
    "filter": null
  },
  "#population": {
    "opacity": null,
    "stroke-width": 1.6,
    "stroke-dasharray": null,
    "stroke-linecap": "butt",
    "filter": null
  },
  "#rural": {
    "stroke": "#0000ff"
  },
  "#urban": {
    "stroke": "#ff0000"
  },
  "#freshwater": {
    "opacity": 0.62,
    "fill": "#00050a",
    "stroke": "#000000",
    "stroke-width": 0.43,
    "filter": "url(#dropShadow)"
  },
  "#salt": {
    "opacity": 0.62,
    "fill": "#000a0a",
    "stroke": "#173634",
    "stroke-width": 1.72,
    "filter": "url(#dropShadow)"
  },
  "#sinkhole": {
    "opacity": 1,
    "fill": "#5bc9fd",
    "stroke": "#53a3b0",
    "stroke-width": 0.7,
    "filter": null
  },
  "#frozen": {
    "opacity": 0.95,
    "fill": "#cdd4e7",
    "stroke": "#cfe0eb",
    "stroke-width": 0,
    "filter": null
  },
  "#lava": {
    "opacity": 0.7,
    "fill": "#90270d",
    "stroke": "#f93e0c",
    "stroke-width": 2,
    "filter": "url(#crumpled)"
  },
  "#dry": {
    "opacity": 0.62,
    "fill": "#c9bfa7",
    "stroke": "#000000",
    "stroke-width": 1.72,
    "filter": "url(#dropShadow)"
  },
  "#sea_island": {
    "opacity": 1,
    "stroke": "#000000",
    "stroke-width": 0.29,
    "filter": "",
    "auto-filter": null
  },
  "#lake_island": {
    "opacity": 1,
    "stroke": "#7c8eaf",
    "stroke-width": 0.35,
    "filter": null
  },
  "#terrain": {
    "opacity": 0.54,
    "set": "simple",
    "size": 1,
    "density": 0.3,
    "filter": null,
    "mask": null
  },
  "#rivers": {
    "opacity": null,
    "filter": "",
    "fill": "#00050a"
  },
  "#ruler": {
    "opacity": 1,
    "filter": null
  },
  "#roads": {
    "opacity": 0.72,
    "stroke": "#7f96f0",
    "stroke-width": 0.75,
    "stroke-dasharray": 0,
    "stroke-linecap": "butt",
    "filter": "",
    "mask": "url(#land)"
  },
  "#trails": {
    "opacity": 0.62,
    "stroke": "#7f96f0",
    "stroke-width": 0.35,
    "stroke-dasharray": 0,
    "stroke-linecap": "butt",
    "filter": "",
    "mask": null
  },
  "#searoutes": {
    "opacity": 1,
    "stroke": "#7f96f0",
    "stroke-width": 0.5,
    "stroke-dasharray": "2 1",
    "stroke-linecap": "butt",
    "filter": "",
    "mask": ""
  },
  "#statesBody": {
    "opacity": 0.07,
    "filter": ""
  },
  "#statesHalo": {
    "opacity": 0,
    "data-width": 0,
    "stroke-width": 0,
    "filter": null
  },
  "#provs": {
    "opacity": 0.4,
    "fill": null,
    "font-size": null,
    "font-family": null,
    "filter": ""
  },
  "#temperature": {
    "opacity": 1,
    "font-size": "12px",
    "fill": "#000000",
    "fill-opacity": 1,
    "stroke": null,
    "stroke-width": 1.5,
    "stroke-dasharray": null,
    "stroke-linecap": null,
    "filter": ""
  },
  "#ice": {
    "opacity": 0.15,
    "fill": "#e8f0f6",
    "stroke": "#e8f0f6",
    "stroke-width": 0,
    "filter": ""
  },
  "#emblems": {
    "opacity": null,
    "stroke-width": null,
    "filter": null
  },
  "#emblems > #stateEmblems": {
    "data-size": 1
  },
  "#emblems > #provinceEmblems": {
    "data-size": 1
  },
  "#emblems > #burgEmblems": {
    "data-size": 1
  },
  "#texture": {
    "opacity": 0.1,
    "filter": null,
    "mask": "url(#water)",
    "data-x": 0,
    "data-y": 0,
    "data-href": "./images/textures/marble-blue-small.jpg"
  },
  "#zones": {
    "opacity": 0.6,
    "stroke": "#333333",
    "stroke-width": 0,
    "stroke-dasharray": null,
    "stroke-linecap": "butt",
    "filter": null,
    "mask": null
  },
  "#oceanLayers": {
    "filter": "",
    "layers": "none"
  },
  "#oceanBase": {
    "fill": "#000000"
  },
  "#oceanicPattern": {
    "href": "",
    "opacity": 0.3
  },
  "#terrs > #oceanHeights": {
    "data-render": 1,
    "opacity": 0.5,
    "scheme": "livid",
    "terracing": 0,
    "skip": 0,
    "relax": 1,
    "curve": "curveBasisClosed",
    "filter": null,
    "mask": null
  },
  "#terrs > #landHeights": {
    "opacity": 1,
    "scheme": "livid",
    "terracing": 0,
    "skip": 10,
    "relax": 0,
    "curve": "curveBasisClosed",
    "filter": null,
    "mask": "url(#land)"
  },
  "#legend": {
    "data-size": 11.7,
    "font-size": 11.7,
    "font-family": "MedievalSharp",
    "stroke": "#812929",
    "stroke-width": 2.67,
    "stroke-dasharray": "0 4 10 4",
    "stroke-linecap": "square",
    "data-x": 14.26,
    "data-y": 99.37,
    "data-columns": null
  },
  "#burgLabels > #cities": {
    "opacity": 1,
    "fill": "#dbdbe1",
    "text-shadow": "black 0px 0px 4px",
    "letter-spacing": 0,
    "data-size": 8,
    "font-size": 8,
    "font-family": "Courier New"
  },
  "#burgIcons > #cities": {
    "opacity": 1,
    "fill": "#ffffff",
    "fill-opacity": 0.7,
    "size": 2.1,
    "stroke": "#000000",
    "stroke-width": 0.2,
    "stroke-dasharray": "",
    "stroke-linecap": "butt"
  },
  "#anchors > #cities": {
    "opacity": 1,
    "fill": "#ffffff",
    "size": 4.2,
    "stroke": "#000000",
    "stroke-width": 1.46
  },
  "#burgLabels > #towns": {
    "opacity": 1,
    "fill": "#ffffff",
    "text-shadow": "black 0px 0px 4px",
    "letter-spacing": 0,
    "data-size": 4.28,
    "font-size": 4.28,
    "font-family": "Courier New"
  },
  "#burgIcons > #towns": {
    "opacity": 1,
    "fill": "#ffffff",
    "fill-opacity": 0.7,
    "size": 0.8,
    "stroke": "#000000",
    "stroke-width": 0.1,
    "stroke-dasharray": "",
    "stroke-linecap": "butt"
  },
  "#anchors > #towns": {
    "opacity": 1,
    "fill": "#ffffff",
    "size": 1.6,
    "stroke": "#000000",
    "stroke-width": 1.53
  },
  "#labels > #states": {
    "opacity": 1,
    "fill": "#5d77a2",
    "stroke": "#7a83ae",
    "stroke-width": 0.3,
    "text-shadow": "black 0px 0px 0.1px",
    "letter-spacing": 0,
    "data-size": 14,
    "font-size": 14,
    "font-family": "Courier New",
    "filter": ""
  },
  "#labels > #addedLabels": {
    "opacity": 1,
    "fill": "#3e3e4b",
    "stroke": "#3a3a3a",
    "stroke-width": 0,
    "text-shadow": "black 0px 0px 4px",
    "letter-spacing": 0,
    "data-size": 18,
    "font-size": 18,
    "font-family": "Almendra SC",
    "filter": null
  },
  "#fogging": {
    "opacity": 0.8,
    "fill": "#000000",
    "filter": null
  },
  "#vignette": {
    "opacity": 0,
    "fill": "#000000",
    "filter": null
  },
  "#vignette-rect": {
    "x": "0.3%",
    "y": "0.4%",
    "width": "99.6%",
    "height": "99.2%",
    "rx": "5%",
    "ry": "5%",
    "filter": "blur(20px)"
  },
  "#scaleBar": {
    "opacity": 1,
    "fill": "#b5c1d4",
    "font-size": 11,
    "data-bar-size": 2,
    "data-x": 99,
    "data-y": 99,
    "data-label": ""
  },
  "#scaleBarBack": {
    "opacity": 0.5,
    "fill": "#0a1e24",
    "stroke": "#40547a",
    "stroke-width": 1,
    "filter": "",
    "data-top": 22,
    "data-right": 15,
    "data-bottom": 16,
    "data-left": 10
  }
}
