{
  "#map": {
    "background-color": "#000000",
    "filter": null,
    "data-filter": null
  },
  "#armies": {
    "font-size": 9,
    "box-size": 4.5,
    "stroke": "#000",
    "stroke-width": 0,
    "fill-opacity": 1,
    "filter": "url(#dropShadow05)"
  },
  "#biomes": {
    "opacity": 0.6,
    "filter": null,
    "mask": "url(#land)"
  },
  "#stateBorders": {
    "opacity": 0.6,
    "stroke": "#4c483e",
    "stroke-width": 0.8,
    "stroke-dasharray": "1 2.5",
    "stroke-linecap": "square",
    "filter": null
  },
  "#provinceBorders": {
    "opacity": 0.6,
    "stroke": "#56566d",
    "stroke-width": 0.2,
    "stroke-dasharray": 0.5,
    "stroke-linecap": "butt",
    "filter": null
  },
  "#cells": {
    "opacity": null,
    "stroke": "#808080",
    "stroke-width": 0.1,
    "filter": null,
    "mask": null
  },
  "#gridOverlay": {
    "opacity": 0.5,
    "scale": 1,
    "dx": 0,
    "dy": 0,
    "type": "pointyHex",
    "stroke": "#808080",
    "stroke-width": 1,
    "stroke-dasharray": null,
    "stroke-linecap": null,
    "transform": null,
    "filter": null,
    "mask": null
  },
  "#coordinates": {
    "opacity": 0.7,
    "data-size": 15,
    "font-size": 15,
    "stroke": "#734d37",
    "stroke-width": 1.5,
    "stroke-dasharray": 5,
    "stroke-linecap": "square",
    "filter": null,
    "mask": ""
  },
  "#compass": {
    "opacity": 0.6,
    "transform": null,
    "filter": null,
    "mask": "url(#water)",
    "shape-rendering": "optimizespeed"
  },
  "#compass > use": {
    "transform": "translate(80 80) scale(.25)"
  },
  "#relig": {
    "opacity": 0.5,
    "stroke": null,
    "stroke-width": 0,
    "filter": null
  },
  "#cults": {
    "opacity": 0.5,
    "stroke": "#777777",
    "stroke-width": 0,
    "stroke-dasharray": null,
    "stroke-linecap": null,
    "filter": null
  },
  "#landmass": {
    "opacity": 1,
    "fill": "#f4f2f0",
    "filter": null
  },
  "#markers": {
    "opacity": null,
    "rescale": 1,
    "filter": null
  },
  "#prec": {
    "opacity": null,
    "stroke": "#000000",
    "stroke-width": 0.1,
    "fill": "#2554ef",
    "filter": null
  },
  "#population": {
    "opacity": null,
    "stroke-width": 1.6,
    "stroke-dasharray": null,
    "stroke-linecap": "butt",
    "filter": null
  },
  "#rural": {
    "stroke": "#0000ff"
  },
  "#urban": {
    "stroke": "#ff0000"
  },
  "#freshwater": {
    "opacity": 0.8,
    "fill": "#98b6cd",
    "stroke": "#718798",
    "stroke-width": 0.5,
    "filter": "url(#dropShadow05)"
  },
  "#salt": {
    "opacity": 0.5,
    "fill": "#409b8a",
    "stroke": "#388985",
    "stroke-width": 0.7,
    "filter": null
  },
  "#sinkhole": {
    "opacity": 1,
    "fill": "#5bc9fd",
    "stroke": "#53a3b0",
    "stroke-width": 0.7,
    "filter": null
  },
  "#frozen": {
    "opacity": 0.95,
    "fill": "#cdd4e7",
    "stroke": "#cfe0eb",
    "stroke-width": 0,
    "filter": null
  },
  "#lava": {
    "opacity": 0.7,
    "fill": "#90270d",
    "stroke": "#f93e0c",
    "stroke-width": 2,
    "filter": "url(#crumpled)"
  },
  "#dry": {
    "opacity": 1,
    "fill": "#c9bfa7",
    "stroke": "#8e816f",
    "stroke-width": 0.7,
    "filter": null
  },
  "#sea_island": {
    "opacity": 1,
    "stroke": "#242424",
    "stroke-width": 0.1,
    "filter": "url(#dropShadow)",
    "auto-filter": 1
  },
  "#lake_island": {
    "opacity": 1,
    "stroke": "#7c8eaf",
    "stroke-width": 0.1,
    "filter": null
  },
  "#terrain": {
    "opacity": 0.8,
    "set": "simple",
    "size": 0.7,
    "density": 0.3,
    "filter": null,
    "mask": ""
  },
  "#rivers": {
    "opacity": 1,
    "filter": null,
    "fill": "#6dabba"
  },
  "#ruler": {
    "opacity": null,
    "filter": null
  },
  "#roads": {
    "opacity": 0.9,
    "stroke": "#d06324",
    "stroke-width": 0.6,
    "stroke-dasharray": "1 2",
    "stroke-linecap": "round",
    "filter": null,
    "mask": null
  },
  "#trails": {
    "opacity": 0.9,
    "stroke": "#d06324",
    "stroke-width": 0.5,
    "stroke-dasharray": ".5 2",
    "stroke-linecap": "round",
    "filter": null,
    "mask": null
  },
  "#searoutes": {
    "opacity": 1,
    "stroke": "#e5edff",
    "stroke-width": 0.5,
    "stroke-dasharray": "2 3",
    "stroke-linecap": "round",
    "filter": null,
    "mask": null
  },
  "#statesBody": {
    "opacity": 0.15,
    "filter": null
  },
  "#statesHalo": {
    "opacity": 0.3,
    "data-width": 10,
    "stroke-width": 10,
    "filter": "blur(3.5px)"
  },
  "#provs": {
    "opacity": 0.4,
    "fill": "#000000",
    "font-size": 8,
    "font-family": "Arima Madurai",
    "filter": null
  },
  "#temperature": {
    "opacity": null,
    "font-size": "8px",
    "fill": "#000000",
    "fill-opacity": 0.3,
    "stroke": null,
    "stroke-width": 1.8,
    "stroke-dasharray": null,
    "stroke-linecap": null,
    "filter": null
  },
  "#ice": {
    "opacity": 0.9,
    "fill": "#e8f0f6",
    "stroke": "#e8f0f6",
    "stroke-width": 0.1,
    "filter": "url(#dropShadow05)"
  },
  "#emblems": {
    "opacity": 0.9,
    "stroke-width": 1,
    "filter": null
  },
  "#emblems > #stateEmblems": {
    "data-size": 1
  },
  "#emblems > #provinceEmblems": {
    "data-size": 1
  },
  "#emblems > #burgEmblems": {
    "data-size": 1
  },
  "#texture": {
    "opacity": 0.4,
    "filter": null,
    "mask": "url(#land)",
    "data-x": 0,
    "data-y": 0,
    "data-href": "./images/textures/plaster.jpg"
  },
  "#zones": {
    "opacity": 0.6,
    "stroke": "#333333",
    "stroke-width": 0,
    "stroke-dasharray": null,
    "stroke-linecap": "butt",
    "filter": null,
    "mask": null
  },
  "#oceanLayers": {
    "filter": "url(#dropShadow05)",
    "layers": "-6,-3,-1"
  },
  "#oceanBase": {
    "fill": "#7ca4b6"
  },
  "#oceanicPattern": {
    "href": "./images/kiwiroo.png",
    "opacity": 0.3
  },
  "#terrs > #oceanHeights": {
    "data-render": 0,
    "opacity": 0.7,
    "scheme": "bright",
    "terracing": 0,
    "skip": 0,
    "relax": 1,
    "curve": "curveBasisClosed",
    "filter": null,
    "mask": null
  },
  "#terrs > #landHeights": {
    "opacity": 0.7,
    "scheme": "bright",
    "terracing": 0,
    "skip": 2,
    "relax": 1,
    "curve": "curveBasisClosed",
    "filter": null,
    "mask": "url(#land)"
  },
  "#legend": {
    "data-size": 13,
    "font-size": 13,
    "font-family": "Arima Madurai",
    "stroke": "#812929",
    "stroke-width": 2.5,
    "stroke-dasharray": "0 4 10 4",
    "stroke-linecap": "round",
    "data-x": 54.73,
    "data-y": 62.98,
    "data-columns": 8
  },
  "#burgLabels > #cities": {
    "opacity": 0.8,
    "fill": "#3a3a3a",
    "text-shadow": "white 0px 0px 4px",
    "letter-spacing": 0,
    "data-size": 7,
    "font-size": 7,
    "font-family": "Arima Madurai"
  },
  "#burgIcons > #cities": {
    "opacity": 1,
    "fill": "#ffffff",
    "fill-opacity": 0.7,
    "size": 1.5,
    "stroke": "#4f4f4f",
    "stroke-width": 0.2,
    "stroke-dasharray": "",
    "stroke-linecap": "butt"
  },
  "#anchors > #cities": {
    "opacity": 1,
    "fill": "#ffffff",
    "size": 3,
    "stroke": "#3e3e4b",
    "stroke-width": 1.2
  },
  "#burgLabels > #towns": {
    "opacity": 0.8,
    "fill": "#3e3e4b",
    "text-shadow": "white 0px 0px 4px",
    "letter-spacing": 0,
    "data-size": 4,
    "font-size": 4,
    "font-family": "Arima Madurai"
  },
  "#burgIcons > #towns": {
    "opacity": 1,
    "fill": "#ffffff",
    "fill-opacity": 0.7,
    "size": 0.6,
    "stroke": "#4f4f4f",
    "stroke-width": 0.12,
    "stroke-dasharray": "",
    "stroke-linecap": "butt"
  },
  "#anchors > #towns": {
    "opacity": 1,
    "fill": "#ffffff",
    "size": 1.2,
    "stroke": "#3e3e4b",
    "stroke-width": 1
  },
  "#labels > #states": {
    "opacity": 0.8,
    "fill": "#3e3e3e",
    "stroke": "#000000",
    "stroke-width": 0,
    "text-shadow": "white 0px 0px 6px",
    "letter-spacing": 0,
    "data-size": 14,
    "font-size": 14,
    "font-family": "Arima Madurai",
    "filter": null
  },
  "#labels > #addedLabels": {
    "opacity": 1,
    "fill": "#f24706",
    "stroke": "#701b05",
    "stroke-width": 0.1,
    "text-shadow": "white 0px 0px 4px",
    "letter-spacing": 0,
    "data-size": 6,
    "font-size": 6,
    "font-family": "Arima Madurai",
    "filter": null
  },
  "#fogging": {
    "opacity": 1,
    "fill": "#30426f",
    "filter": null
  },
  "#vignette": {
    "opacity": 0.2,
    "fill": "#000000",
    "filter": null
  },
  "#vignette-rect": {
    "x": "0.3%",
    "y": "0.4%",
    "width": "99.6%",
    "height": "99.2%",
    "rx": "5%",
    "ry": "5%",
    "filter": "blur(30px)"
  },
  "#scaleBar": {
    "opacity": 1,
    "fill": "#353540",
    "font-size": 10,
    "data-bar-size": 2,
    "data-x": 99,
    "data-y": 99,
    "data-label": ""
  },
  "#scaleBarBack": {
    "opacity": 0.2,
    "fill": "#ffffff",
    "stroke": "#000000",
    "stroke-width": 1,
    "filter": "url(#blur5)",
    "data-top": 20,
    "data-right": 15,
    "data-bottom": 15,
    "data-left": 10
  }
}
